date,trade_rate,foreign_check
date,trade_rate,foreign_check
2023.12.08,910.44,901.07
2023.12.07,910.0,900.64
2023.12.06,892.71,883.53
2023.12.05,894.04,884.84
2023.12.04,889.35,880.2
2023.12.01,884.49,875.39
2023.11.30,876.48,867.47
2023.11.29,875.04,866.04
2023.11.28,873.61,864.62
2023.11.27,874.32,865.33
2023.11.24,873.64,864.65
2023.11.23,871.23,862.27
2023.11.22,873.35,864.37
2023.11.21,874.51,865.51
2023.11.20,871.57,862.6
2023.11.17,866.44,857.52
2023.11.16,858.38,849.55
2023.11.15,865.07,856.17
2023.11.14,870.49,861.53
2023.11.13,873.55,864.56
2023.11.10,871.42,862.46
2023.11.09,868.57,859.63
2023.11.08,869.38,860.44
2023.11.07,870.75,861.79
2023.11.06,867.59,858.66
2023.11.03,877.8,868.77
2023.11.02,887.71,878.58
2023.11.01,897.94,888.71
2023.10.31,896.23,887.01
2023.10.30,901.65,892.37
2023.10.27,907.39,898.05
2023.10.26,903.41,894.11
2023.10.25,903.18,893.88
2023.10.24,899.35,890.09
2023.10.23,901.36,892.08
2023.10.20,902.81,893.52
2023.10.19,907.0,897.67
2023.10.18,904.39,895.08
2023.10.17,905.78,896.46
2023.10.16,903.23,893.93
2023.10.13,905.96,896.64
2023.10.12,898.91,889.67
2023.10.11,900.7,891.43
2023.10.10,905.28,895.96
2023.10.06,909.95,900.59
2023.10.05,910.34,900.97
2023.10.04,910.46,901.09
2023.09.27,906.94,897.61
2023.09.26,906.31,896.98
2023.09.25,901.91,892.63
2023.09.22,900.67,891.4
2023.09.21,908.75,899.4
2023.09.20,898.72,889.47
2023.09.19,900.2,890.93
2023.09.18,898.32,889.07
2023.09.15,901.46,892.18
2023.09.14,901.48,892.2
2023.09.13,901.71,892.43
2023.09.12,904.05,894.75
2023.09.11,908.22,898.87
2023.09.08,904.69,895.38
2023.09.07,907.79,898.45
2023.09.06,904.44,895.13
2023.09.05,906.1,896.78
2023.09.04,901.21,891.93
2023.09.01,903.59,894.29
2023.08.31,906.7,897.37
2023.08.30,907.56,898.22
2023.08.29,905.27,895.95
2023.08.28,905.21,895.89
2023.08.25,906.14,896.81
2023.08.24,909.93,900.57
2023.08.23,922.76,913.27
2023.08.22,917.47,908.03
2023.08.21,916.83,907.4
2023.08.18,924.14,914.63
2023.08.17,917.94,908.5
2023.08.16,918.5,909.05
2023.08.14,919.86,910.4
2023.08.11,918.91,909.46
2023.08.10,911.07,901.7
2023.08.09,916.72,907.29
2023.08.08,922.43,912.95
2023.08.07,920.48,911.01
2023.08.04,922.69,913.2
2023.08.03,912.06,902.68
2023.08.02,906.4,897.07
2023.08.01,900.4,891.14
2023.07.31,896.95,887.72
2023.07.28,905.26,895.94
2023.07.27,908.7,899.35
2023.07.26,908.8,899.45
2023.07.25,906.03,896.71
2023.07.24,906.42,897.09
2023.07.21,909.06,899.71
2023.07.20,910.87,901.5
2023.07.19,905.49,896.17
2023.07.18,911.94,902.56
2023.07.17,912.46,903.07
2023.07.14,916.98,907.55
2023.07.13,918.33,908.89
2023.07.12,925.14,915.62
2023.07.11,920.41,910.94
2023.07.10,922.7,913.21
2023.07.07,917.02,907.59
2023.07.06,907.17,897.83
2023.07.05,901.76,892.49
2023.07.04,898.98,889.73
2023.07.03,906.09,896.77
2023.06.30,913.85,904.45
2023.06.29,911.8,902.42
2023.06.28,908.43,899.08
2023.06.27,903.43,894.14
2023.06.26,910.93,901.56
2023.06.23,912.73,903.34
2023.06.22,912.76,903.37
2023.06.21,910.91,901.54
2023.06.20,909.6,900.24
2023.06.19,906.62,897.29
2023.06.16,905.59,896.27
2023.06.15,908.54,899.19
2023.06.14,915.06,905.65
2023.06.13,910.62,901.25
2023.06.12,923.64,914.14
2023.06.09,928.01,918.46
2023.06.08,934.88,925.26
2023.06.07,935.16,925.54
2023.06.05,935.81,926.18
2023.06.02,935.88,926.25
2023.06.01,950.02,940.24
2023.05.31,949.83,940.06
2023.05.30,944.7,934.98
2023.05.26,944.56,934.84
2023.05.25,952.55,942.75
2023.05.24,950.46,940.68
2023.05.23,953.52,943.71
2023.05.22,951.66,941.87
2023.05.19,963.13,953.23
2023.05.18,966.73,956.78
2023.05.17,974.35,964.33
2023.05.16,982.6,972.49
2023.05.15,984.83,974.69
2023.05.12,990.38,980.19
2023.05.11,989.47,979.29
2023.05.10,983.16,973.04
2023.05.09,981.61,971.51
2023.05.08,979.22,969.15
2023.05.04,983.07,972.95
2023.05.03,985.58,975.44
2023.05.02,982.43,972.32
2023.04.28,977.51,967.46
2023.04.27,1001.23,990.92
2023.04.26,1004.17,993.83
2023.04.25,1003.03,992.71
2023.04.24,993.64,983.42
2023.04.21,993.1,982.88
2023.04.20,985.8,975.65
2023.04.19,989.1,978.92
2023.04.18,982.74,972.62
2023.04.17,982.62,972.51
2023.04.14,977.31,967.25
2023.04.13,986.9,976.74
2023.04.12,993.96,983.73
2023.04.11,991.12,980.92
2023.04.10,989.57,979.39
2023.04.07,998.3,988.02
2023.04.06,1000.8,990.5
2023.04.05,1003.51,993.18
2023.04.04,996.55,986.29
2023.04.03,991.28,981.08
2023.03.31,986.48,976.33
2023.03.30,978.71,968.63
2023.03.29,984.03,973.9
2023.03.28,994.38,984.15
2023.03.27,991.28,981.08
2023.03.24,994.53,984.3
2023.03.23,978.85,968.77
2023.03.22,983.99,973.86
2023.03.21,989.14,978.96
2023.03.20,994.41,984.18
2023.03.17,991.97,981.76
2023.03.16,994.66,984.43
2023.03.15,992.66,982.45
2023.03.14,972.17,962.17
2023.03.13,983.84,973.71
2023.03.10,981.64,971.53
2023.03.09,969.91,959.93
2023.03.08,962.16,952.26
2023.03.07,958.5,948.63
2023.03.06,957.99,948.13
2023.03.03,957.57,947.71
2023.03.02,961.52,951.62
2023.02.28,966.18,956.24
2023.02.27,971.13,961.14
2023.02.24,966.31,956.37
2023.02.23,960.08,950.21
2023.02.22,969.46,959.48
2023.02.21,965.78,955.84
2023.02.20,967.97,958.01
2023.02.17,969.46,959.48
2023.02.16,961.62,951.72
2023.02.15,962.41,952.5
2023.02.14,957.3,947.45
2023.02.13,965.39,955.45
2023.02.10,966.78,956.83
2023.02.09,961.07,951.18
2023.02.08,963.3,953.38
2023.02.07,955.66,945.83
2023.02.06,950.15,940.37
2023.02.03,953.83,944.02
2023.02.02,954.86,945.04
2023.02.01,949.5,939.73
2023.01.31,950.77,940.99
2023.01.30,944.63,934.91
2023.01.27,950.99,941.21
2023.01.26,949.62,939.85
2023.01.25,951.63,941.84
2023.01.20,948.74,938.98
2023.01.19,963.28,953.36
2023.01.18,958.69,948.82
2023.01.17,966.07,956.13
2023.01.16,966.93,956.98
2023.01.13,971.95,961.94
2023.01.12,954.13,944.3
2023.01.11,942.65,932.95
2023.01.10,946.06,936.32
2023.01.09,944.58,934.86
2023.01.06,954.0,944.18
2023.01.05,954.48,944.65
2023.01.04,973.82,963.79
2023.01.03,977.82,967.75
2023.01.02,973.28,963.26
2022.12.30,963.2,953.29
2022.12.29,953.85,944.03
2022.12.28,948.49,938.73
2022.12.27,953.85,944.03
2022.12.26,958.92,949.05
2022.12.23,966.58,956.63
2022.12.22,969.36,959.39
2022.12.21,973.66,963.63
2022.12.20,974.14,964.11
2022.12.19,954.02,944.2
2022.12.16,959.25,949.37
2022.12.15,960.98,951.09
2022.12.14,961.52,951.62
2022.12.13,962.09,952.19
2022.12.12,953.8,943.98
2022.12.09,958.64,948.77
2022.12.08,965.3,955.37
2022.12.07,967.0,957.05
2022.12.06,969.58,959.6
2022.12.05,958.87,949.0
2022.12.02,969.36,959.39
2022.12.01,959.9,950.02
2022.11.30,947.18,937.43
2022.11.29,961.25,951.35
2022.11.28,964.99,955.06
2022.11.25,959.86,949.98
2022.11.24,962.96,953.05
2022.11.23,963.41,953.49
2022.11.22,959.99,950.11
2022.11.21,961.67,951.77
2022.11.18,959.53,949.65
2022.11.17,963.2,953.29
2022.11.16,952.55,942.75
2022.11.15,945.4,935.67
2022.11.14,945.64,935.91
2022.11.11,950.25,940.47
2022.11.10,961.23,951.33
2022.11.09,934.54,924.93
2022.11.08,946.41,936.67
2022.11.07,954.89,945.07
2022.11.04,962.45,952.54
2022.11.03,965.53,955.59
2022.11.02,967.09,957.14
2022.11.01,959.26,949.38
2022.10.31,962.05,952.15
2022.10.28,964.97,955.04
2022.10.27,973.96,963.94
2022.10.26,967.86,957.9
2022.10.25,968.41,958.44
2022.10.24,965.61,955.67
2022.10.21,973.89,963.87
2022.10.20,952.83,943.03
2022.10.19,958.27,948.4
2022.10.18,957.62,947.77
2022.10.17,965.67,955.73
2022.10.14,969.75,959.77
2022.10.13,977.15,967.1
2022.10.12,976.72,966.67
2022.10.11,985.07,974.93
2022.10.07,980.48,970.39
2022.10.06,974.01,963.99
2022.10.05,983.53,973.41
2022.10.04,987.38,977.22
2022.09.30,995.47,985.23
2022.09.29,991.6,981.4
2022.09.28,997.2,986.93
2022.09.27,985.26,975.12
2022.09.26,989.07,978.88
2022.09.23,992.78,982.56
2022.09.22,991.71,981.5
2022.09.21,969.55,959.56
2022.09.20,970.06,960.07
2022.09.19,971.87,961.86
2022.09.16,971.65,961.64
2022.09.15,975.63,965.58
2022.09.14,975.88,965.83
2022.09.13,964.44,954.51
2022.09.08,966.26,956.32
2022.09.07,960.0,950.12
2022.09.06,966.34,956.38
2022.09.05,976.48,966.43
2022.09.02,972.08,962.07
2022.09.01,969.91,959.92
2022.08.31,969.18,959.2
2022.08.30,974.62,964.58
2022.08.29,974.4,964.37
2022.08.26,976.48,966.43
2022.08.25,979.17,969.08
2022.08.24,981.98,971.86
2022.08.23,978.54,968.46
2022.08.22,979.83,969.73
2022.08.19,975.08,965.03
2022.08.18,981.1,970.99
2022.08.17,973.12,963.1
2022.08.16,977.99,967.91
2022.08.12,984.14,974.0
2022.08.11,982.27,972.15
2022.08.10,985.95,975.79
2022.08.09,968.9,958.92
2022.08.08,968.5,958.52
2022.08.05,975.4,965.35
2022.08.04,980.33,970.23
2022.08.03,977.24,967.17
2022.08.02,997.83,987.55
2022.08.01,989.42,979.23
2022.07.29,979.32,969.23
2022.07.28,968.21,958.24
2022.07.27,957.83,947.96
2022.07.26,960.55,950.65
2022.07.25,960.86,950.96
2022.07.22,963.06,953.14
2022.07.21,950.87,941.08
2022.07.20,949.8,940.02
2022.07.19,949.27,939.49
2022.07.18,952.74,942.92
2022.07.15,955.06,945.22
2022.07.14,950.5,940.71
2022.07.13,951.48,941.68
2022.07.12,958.03,948.16
2022.07.11,955.88,946.03
2022.07.08,956.76,946.9
2022.07.07,958.01,948.14
2022.07.06,961.74,951.83
2022.07.05,965.37,955.42
2022.07.04,956.97,947.11
2022.07.01,958.82,948.94
2022.06.30,954.35,944.51
2022.06.29,950.38,940.59
2022.06.28,948.32,938.55
2022.06.27,950.2,940.41
2022.06.24,959.4,949.51
2022.06.23,962.88,952.96
2022.06.22,957.33,947.46
2022.06.21,952.26,942.45
2022.06.20,958.74,948.86
2022.06.17,960.22,950.32
2022.06.16,971.72,961.71
2022.06.15,960.76,950.86
2022.06.14,960.41,950.51
2022.06.13,957.8,947.93
2022.06.10,953.55,943.72
2022.06.09,942.27,932.56
2022.06.08,938.68,929.01
2022.06.07,946.52,936.77
2022.06.03,956.64,946.78
2022.06.02,963.96,954.03
2022.05.31,965.76,955.81
2022.05.30,972.25,962.24
2022.05.27,989.64,979.45
2022.05.26,998.3,988.01
2022.05.25,999.72,989.42
2022.05.24,992.43,982.21
2022.05.23,991.57,981.36
2022.05.20,995.58,985.33
2022.05.19,1000.74,990.43
2022.05.18,981.34,971.23
2022.05.17,982.1,971.98
2022.05.16,993.93,983.69
2022.05.13,995.46,985.21
2022.05.12,1002.68,992.35
2022.05.11,981.55,971.44
2022.05.10,980.75,970.64
2022.05.09,974.26,964.23
2022.05.06,975.36,965.32
2022.05.04,974.12,964.09
2022.05.03,974.29,964.26
2022.05.02,975.4,965.36
2022.04.29,972.7,962.68
2022.04.28,976.57,966.5
2022.04.27,988.86,978.67
2022.04.26,982.34,972.22
2022.04.25,977.1,967.03
2022.04.22,967.97,958.0
2022.04.21,966.62,956.66
2022.04.20,966.16,956.21
2022.04.19,965.53,955.58
2022.04.18,975.32,965.27
2022.04.15,972.28,962.27
2022.04.14,980.0,969.9
2022.04.13,974.65,964.6
2022.04.12,981.17,971.06
2022.04.11,983.3,973.17
2022.04.08,989.48,979.29
2022.04.07,985.74,975.58
2022.04.06,982.69,972.56
2022.04.05,987.59,977.42
2022.04.04,990.43,980.23
2022.04.01,995.31,985.05
2022.03.31,996.84,986.57
2022.03.30,993.64,983.4
2022.03.29,986.69,976.53
2022.03.28,985.87,975.71
2022.03.25,1002.66,992.33
2022.03.24,1005.8,995.44
2022.03.23,1005.33,994.97
2022.03.22,1008.98,998.59
2022.03.21,1019.5,1008.99
2022.03.18,1020.79,1010.27
2022.03.17,1022.89,1012.35
2022.03.16,1043.36,1032.61
2022.03.15,1055.2,1044.32
2022.03.14,1050.04,1039.21
2022.03.11,1054.61,1043.74
2022.03.10,1059.19,1048.27
2022.03.08,1068.82,1057.8
2022.03.07,1069.16,1058.14
2022.03.04,1055.53,1044.65
2022.03.03,1042.9,1032.15
2022.03.02,1047.68,1036.89
2022.02.28,1042.36,1031.62
2022.02.25,1043.9,1033.14
2022.02.24,1050.36,1039.54
2022.02.23,1035.8,1025.12
2022.02.22,1037.98,1027.28
2022.02.21,1038.18,1027.48
2022.02.18,1037.9,1027.2
2022.02.17,1040.81,1030.09
2022.02.16,1035.21,1024.54
2022.02.15,1035.45,1024.78
2022.02.14,1039.81,1029.09
2022.02.11,1039.2,1028.49
2022.02.10,1032.85,1022.21
2022.02.09,1036.08,1025.4
2022.02.08,1039.73,1029.02
2022.02.07,1043.6,1032.85
2022.02.04,1043.63,1032.88
2022.02.03,1049.44,1038.63
2022.01.28,1050.3,1039.48
2022.01.27,1045.11,1034.34
2022.01.26,1049.89,1039.08
2022.01.25,1050.0,1039.18
2022.01.24,1053.07,1042.22
2022.01.21,1047.11,1036.32
2022.01.20,1041.99,1031.25
2022.01.19,1040.4,1029.68
2022.01.18,1039.44,1028.73
2022.01.17,1041.89,1031.15
2022.01.14,1041.89,1031.15
2022.01.13,1035.15,1024.48
2022.01.12,1032.78,1022.14
2022.01.11,1034.08,1023.42
2022.01.10,1036.56,1025.88
2022.01.07,1039.41,1028.7
2022.01.06,1038.8,1028.09
2022.01.05,1034.94,1024.27
2022.01.04,1032.4,1021.77
2022.01.03,1037.33,1026.64
2021.12.31,1034.0,1023.34
2021.12.30,1033.22,1022.58
2021.12.29,1032.13,1021.49
2021.12.28,1034.96,1024.29
2021.12.27,1035.88,1025.2
2021.12.24,1038.25,1027.55
2021.12.23,1039.32,1028.61
2021.12.22,1043.01,1032.26
2021.12.21,1049.3,1038.48
2021.12.20,1049.87,1039.05
2021.12.17,1044.61,1033.85
2021.12.16,1037.53,1026.84
2021.12.15,1043.18,1032.43
2021.12.14,1041.16,1030.43
2021.12.13,1039.9,1029.18
2021.12.10,1039.21,1028.5
2021.12.09,1036.34,1025.7
2021.12.08,1038.24,1027.58
2021.12.07,1038.08,1027.42
2021.12.06,1043.94,1033.22
2021.12.03,1044.64,1033.92
2021.12.02,1041.27,1030.58
2021.12.01,1040.5,1029.82
2021.11.30,1054.73,1043.9
2021.11.29,1050.59,1039.8
2021.11.26,1049.54,1038.77
2021.11.25,1032.03,1021.44
2021.11.24,1032.34,1021.75
2021.11.23,1035.35,1024.72
2021.11.22,1039.54,1028.87
2021.11.19,1044.55,1033.83
2021.11.18,1035.96,1025.32
2021.11.17,1029.14,1018.58
2021.11.16,1034.18,1023.56
2021.11.15,1035.78,1025.14
2021.11.12,1033.97,1023.35
2021.11.11,1037.76,1027.1
2021.11.10,1041.57,1030.88
2021.11.09,1042.05,1031.35
2021.11.08,1043.86,1033.15
2021.11.05,1042.21,1031.51
2021.11.04,1040.41,1029.73
2021.11.03,1038.07,1027.41
2021.11.02,1035.29,1024.66
2021.11.01,1031.46,1020.88
2021.10.29,1029.69,1019.11
2021.10.28,1030.69,1020.1
2021.10.27,1031.33,1020.75
2021.10.26,1023.55,1013.04
2021.10.25,1029.95,1019.38
2021.10.22,1033.26,1022.65
2021.10.21,1032.76,1022.16
2021.10.20,1026.78,1016.24
2021.10.19,1032.32,1021.73
2021.10.18,1038.71,1028.05
2021.10.15,1036.2,1025.56
2021.10.14,1046.07,1035.33
2021.10.13,1050.01,1039.23
2021.10.12,1055.44,1044.6
2021.10.08,1064.2,1053.28
2021.10.07,1068.58,1057.61
2021.10.06,1073.82,1062.79
2021.10.05,1067.66,1056.7
2021.10.01,1067.78,1056.82
2021.09.30,1058.6,1047.73
2021.09.29,1064.26,1053.34
2021.09.28,1065.15,1054.22
2021.09.27,1064.83,1053.9
2021.09.24,1066.5,1055.55
2021.09.23,1068.49,1057.52
2021.09.17,1080.54,1069.45
2021.09.16,1072.82,1061.81
2021.09.15,1069.06,1058.09
2021.09.14,1063.6,1052.68
2021.09.13,1067.02,1056.07
2021.09.10,1064.27,1053.35
2021.09.09,1064.41,1053.48
2021.09.08,1058.55,1047.68
2021.09.07,1056.65,1045.8
2021.09.06,1052.97,1042.16
2021.09.03,1052.63,1041.83
2021.09.02,1053.68,1042.86
2021.09.01,1050.89,1040.11
2021.08.31,1052.99,1042.18
2021.08.30,1060.59,1049.7
2021.08.27,1062.09,1051.19
2021.08.26,1063.46,1052.54
2021.08.25,1062.96,1052.05
2021.08.24,1064.31,1053.38
2021.08.23,1064.58,1053.65
2021.08.20,1079.74,1068.65
2021.08.19,1073.37,1062.36
2021.08.18,1066.27,1055.33
2021.08.17,1074.61,1063.57
2021.08.13,1060.13,1049.25
2021.08.12,1053.47,1042.65
2021.08.11,1047.39,1036.64
2021.08.10,1041.82,1031.13
2021.08.09,1040.45,1029.77
2021.08.06,1039.31,1028.64
2021.08.05,1044.67,1033.95
2021.08.04,1047.76,1037.01
2021.08.03,1051.69,1040.89
2021.08.02,1050.9,1040.11
2021.07.30,1049.99,1039.21
2021.07.29,1043.55,1032.84
2021.07.28,1049.42,1038.64
2021.07.27,1048.0,1037.24
2021.07.26,1047.14,1036.39
2021.07.23,1042.22,1031.52
2021.07.22,1042.2,1031.5
2021.07.21,1048.5,1037.74
2021.07.20,1050.13,1039.35
2021.07.19,1049.28,1038.51
2021.07.16,1035.06,1024.43
2021.07.15,1038.51,1027.85
2021.07.14,1040.68,1030.0
2021.07.13,1039.14,1028.47
2021.07.12,1042.59,1031.89
2021.07.09,1044.04,1033.32
2021.07.08,1047.05,1036.3
2021.07.07,1027.0,1016.45
2021.07.06,1024.16,1013.65
2021.07.05,1020.53,1010.05
2021.07.02,1019.52,1009.05
2021.07.01,1016.55,1006.11
2021.06.30,1021.41,1010.93
2021.06.29,1023.56,1013.05
2021.06.28,1021.72,1011.23
2021.06.25,1018.82,1008.36
2021.06.24,1022.52,1012.02
2021.06.23,1023.46,1012.96
2021.06.22,1027.57,1017.02
2021.06.21,1028.74,1018.18
2021.06.18,1027.92,1017.37
2021.06.17,1024.34,1013.83
2021.06.16,1017.23,1006.79
2021.06.15,1015.67,1005.24
2021.06.14,1020.29,1009.82
2021.06.11,1018.1,1007.65
2021.06.10,1019.32,1008.86
2021.06.09,1017.31,1006.87
2021.06.08,1019.55,1009.08
2021.06.07,1016.35,1005.91
2021.06.04,1013.66,1003.25
2021.06.03,1015.35,1004.92
2021.06.02,1013.61,1003.2
2021.06.01,1012.36,1001.96
2021.05.31,1010.58,1000.21
2021.05.28,1014.33,1003.91
2021.05.27,1023.41,1012.91
2021.05.26,1026.04,1015.51
2021.05.25,1030.84,1020.26
2021.05.24,1034.39,1023.77
2021.05.21,1037.5,1026.85
2021.05.20,1039.23,1028.56
2021.05.18,1035.83,1025.19
2021.05.17,1042.94,1032.23
2021.05.14,1032.78,1022.18
2021.05.13,1033.74,1023.12
2021.05.12,1035.47,1024.84
2021.05.11,1029.2,1018.63
2021.05.10,1023.96,1013.45
2021.05.07,1026.43,1015.9
2021.05.06,1030.01,1019.43
2021.05.04,1029.58,1019.01
2021.05.03,1026.37,1015.84
2021.04.30,1022.56,1012.06
2021.04.29,1017.86,1007.41
2021.04.28,1022.63,1012.13
2021.04.27,1026.92,1016.38
2021.04.26,1031.14,1020.55
2021.04.23,1036.02,1025.38
2021.04.22,1034.43,1023.81
2021.04.21,1035.1,1024.47
2021.04.20,1028.09,1017.54
2021.04.19,1031.21,1020.62
2021.04.16,1026.8,1016.26
2021.04.15,1026.05,1015.52
2021.04.14,1024.15,1013.64
2021.04.13,1029.53,1018.97
2021.04.12,1028.67,1018.11
2021.04.09,1021.83,1011.34
2021.04.08,1020.31,1009.84
2021.04.07,1019.0,1008.54
2021.04.06,1014.79,1004.37
2021.04.05,1020.67,1010.19
2021.04.02,1021.63,1011.14
2021.04.01,1021.26,1010.78
2021.03.31,1021.1,1010.62
2021.03.30,1028.22,1017.67
2021.03.29,1033.54,1022.94
2021.03.26,1032.58,1021.99
2021.03.25,1039.87,1029.19
2021.03.24,1041.57,1030.88
2021.03.23,1042.08,1031.38
2021.03.22,1037.58,1026.93
2021.03.19,1038.03,1027.37
2021.03.18,1031.97,1021.37
2021.03.17,1035.24,1024.61
2021.03.16,1035.68,1025.05
2021.03.15,1039.24,1028.57
2021.03.12,1042.33,1031.63
2021.03.11,1044.58,1033.86
2021.03.10,1050.16,1039.38
2021.03.09,1046.94,1036.19
2021.03.08,1048.85,1038.09
2021.03.05,1040.79,1030.11
2021.03.04,1048.32,1037.56
2021.03.03,1049.51,1038.73
2021.03.02,1052.16,1041.36
2021.02.26,1058.27,1047.4
2021.02.25,1045.59,1034.86
2021.02.24,1048.25,1037.48
2021.02.23,1056.38,1045.53
2021.02.22,1052.78,1041.97
2021.02.19,1049.36,1038.58
2021.02.18,1047.01,1036.26
2021.02.17,1044.86,1034.14
2021.02.16,1047.13,1036.38
2021.02.15,1046.66,1035.92
2021.02.10,1057.1,1046.25
2021.02.09,1063.82,1052.89
2021.02.08,1061.3,1050.39
2021.02.05,1064.07,1053.14
2021.02.04,1062.25,1051.33
2021.02.03,1062.2,1051.3
2021.02.02,1062.91,1052.0
2021.02.01,1067.05,1056.09
2021.01.29,1066.88,1055.92
2021.01.28,1071.86,1060.85
2021.01.27,1065.11,1054.17
2021.01.26,1064.98,1054.04
2021.01.25,1061.83,1050.93
2021.01.22,1065.57,1054.62
2021.01.21,1064.85,1053.91
2021.01.20,1061.12,1050.23
2021.01.19,1060.25,1049.36
2021.01.18,1066.63,1055.68
2021.01.15,1062.23,1051.33
2021.01.14,1053.9,1043.08
2021.01.13,1055.37,1044.53
2021.01.12,1054.1,1043.28
2021.01.11,1054.5,1043.68
2021.01.08,1051.11,1040.32
2021.01.07,1053.44,1042.63
2021.01.06,1056.65,1045.8
2021.01.05,1059.24,1048.36
2021.01.04,1053.22,1042.4
2020.12.31,1056.11,1045.27
2020.12.30,1054.55,1043.72
2020.12.29,1055.04,1044.21
2020.12.28,1058.65,1047.78
2020.12.24,1064.85,1053.92
2020.12.23,1070.93,1059.94
2020.12.22,1070.27,1059.29
2020.12.21,1068.45,1057.48
2020.12.18,1062.94,1052.03
2020.12.17,1061.26,1050.37
2020.12.16,1056.4,1045.56
2020.12.15,1052.15,1041.35
2020.12.14,1053.16,1042.35
2020.12.11,1048.94,1038.18
2020.12.10,1041.88,1031.19
2020.12.09,1042.32,1031.64
2020.12.08,1043.05,1032.35
2020.12.07,1041.91,1031.22
2020.12.04,1044.08,1033.37
2020.12.03,1049.05,1038.29
2020.12.02,1053.64,1042.84
2020.12.01,1062.14,1051.25
2020.11.30,1064.75,1053.83
2020.11.27,1061.43,1050.54
2020.11.26,1061.99,1051.1
2020.11.25,1060.29,1049.41
2020.11.24,1064.29,1053.37
2020.11.23,1072.27,1061.27
2020.11.20,1075.85,1064.81
2020.11.19,1072.75,1061.74
2020.11.18,1062.74,1051.84
2020.11.17,1060.15,1049.28
2020.11.16,1058.99,1048.13
2020.11.13,1059.92,1049.05
2020.11.12,1057.05,1046.21
2020.11.11,1055.33,1044.5
2020.11.10,1059.07,1048.21
2020.11.09,1075.48,1064.45
2020.11.06,1086.57,1075.43
2020.11.05,1082.6,1071.5
2020.11.04,1089.97,1078.78
2020.11.03,1082.4,1071.29
2020.11.02,1083.89,1072.76
2020.10.30,1086.32,1075.17
2020.10.29,1090.18,1078.99
2020.10.28,1087.66,1076.5
2020.10.27,1076.24,1065.2
2020.10.26,1077.58,1066.52
2020.10.23,1077.89,1066.83
2020.10.22,1084.1,1072.97
2020.10.21,1080.91,1069.81
2020.10.20,1078.65,1067.58
2020.10.19,1081.8,1070.7
2020.10.16,1088.47,1077.3
2020.10.15,1090.42,1079.23
2020.10.14,1087.45,1076.29
2020.10.13,1086.72,1075.57
2020.10.12,1090.0,1078.81
2020.10.08,1087.01,1075.85
2020.10.07,1092.36,1081.15
2020.10.06,1099.33,1088.05
2020.10.05,1098.49,1087.22
2020.09.29,1107.06,1095.7
2020.09.28,1110.95,1099.56
2020.09.25,1114.64,1103.21
2020.09.24,1111.69,1100.29
2020.09.23,1107.46,1096.1
2020.09.22,1110.63,1099.24
2020.09.21,1117.84,1106.38
2020.09.18,1114.94,1103.51
2020.09.17,1120.29,1108.81
2020.09.16,1115.97,1104.53
2020.09.15,1117.05,1105.6
2020.09.14,1116.14,1104.7
2020.09.11,1117.91,1106.45
2020.09.10,1118.71,1107.23
2020.09.09,1118.75,1107.27
2020.09.08,1118.8,1107.32
2020.09.07,1118.28,1106.81
2020.09.04,1120.43,1108.93
2020.09.03,1117.95,1106.48
2020.09.02,1117.76,1106.29
2020.09.01,1119.28,1107.8
2020.08.31,1120.71,1109.21
2020.08.28,1122.87,1111.34
2020.08.27,1117.99,1106.51
2020.08.26,1116.86,1105.4
2020.08.25,1114.82,1103.38
2020.08.24,1123.72,1112.18
2020.08.21,1125.41,1113.87
2020.08.20,1121.44,1109.93
2020.08.19,1119.08,1107.6
2020.08.18,1121.84,1110.33
2020.08.14,1113.19,1101.77
2020.08.13,1108.82,1097.44
2020.08.12,1108.72,1097.34
2020.08.11,1115.93,1104.47
2020.08.10,1118.86,1107.37
2020.08.07,1122.02,1110.5
2020.08.06,1123.27,1111.74
2020.08.05,1123.24,1111.71
2020.08.04,1126.2,1114.64
2020.08.03,1126.69,1115.12
2020.07.31,1137.32,1125.64
2020.07.30,1138.13,1126.44
2020.07.29,1137.09,1125.41
2020.07.28,1140.26,1128.55
2020.07.27,1136.81,1125.13
2020.07.24,1131.42,1119.81
2020.07.23,1118.42,1106.93
2020.07.22,1119.16,1107.67
2020.07.21,1115.2,1103.75
2020.07.20,1122.57,1111.04
2020.07.17,1124.8,1113.25
2020.07.16,1124.33,1112.79
2020.07.15,1123.53,1111.99
2020.07.14,1123.53,1111.99
2020.07.13,1123.51,1111.97
2020.07.10,1124.48,1112.94
2020.07.09,1112.92,1101.5
2020.07.08,1111.01,1099.61
2020.07.07,1111.63,1100.22
2020.07.06,1109.97,1098.58
2020.07.03,1115.81,1104.36
2020.07.02,1115.61,1104.15
2020.07.01,1119.38,1107.89
2020.06.30,1116.73,1105.27
2020.06.29,1120.03,1108.53
2020.06.26,1123.02,1111.49
2020.06.25,1122.2,1110.68
2020.06.24,1128.63,1117.04
2020.06.23,1129.12,1117.54
2020.06.22,1135.8,1124.14
2020.06.19,1131.27,1119.66
2020.06.18,1130.06,1118.46
2020.06.17,1130.36,1118.76
2020.06.16,1129.49,1117.9
2020.06.15,1132.91,1121.28
2020.06.12,1120.48,1108.98
2020.06.11,1117.45,1105.98
2020.06.10,1109.35,1097.96
2020.06.09,1111.37,1099.96
2020.06.08,1098.06,1086.79
2020.06.05,1106.48,1095.12
2020.06.04,1119.94,1108.45
2020.06.03,1119.13,1107.65
2020.06.02,1134.31,1122.67
2020.06.01,1140.1,1128.4
2020.05.29,1154.47,1142.62
2020.05.28,1150.65,1138.84
2020.05.27,1145.97,1134.2
2020.05.26,1146.36,1134.59
2020.05.25,1153.15,1141.31
2020.05.22,1154.65,1142.8
2020.05.21,1142.26,1130.53
2020.05.20,1141.98,1130.25
2020.05.19,1139.56,1127.86
2020.05.18,1151.0,1139.18
2020.05.15,1150.0,1138.19
2020.05.14,1147.97,1136.18
2020.05.13,1144.13,1132.38
2020.05.12,1139.4,1127.7
2020.05.11,1140.99,1129.27
2020.05.08,1147.99,1136.2
2020.05.07,1148.54,1136.74
2020.05.06,1153.3,1141.45
2020.05.04,1147.1,1135.31
2020.04.29,1144.55,1132.8
2020.04.28,1143.3,1131.55
2020.04.27,1144.78,1133.03
2020.04.24,1147.2,1135.41
2020.04.23,1144.53,1132.77
2020.04.22,1144.56,1132.81
2020.04.21,1145.92,1134.15
2020.04.20,1132.36,1120.74
2020.04.17,1128.68,1117.08
2020.04.16,1139.14,1127.45
2020.04.14,1131.95,1120.33
2020.04.13,1127.26,1115.7
2020.04.10,1118.18,1106.71
2020.04.09,1120.76,1109.26
2020.04.08,1121.48,1109.96
2020.04.07,1113.2,1101.77
2020.04.06,1125.51,1113.96
2020.04.03,1138.7,1127.01
2020.04.02,1143.07,1131.33
2020.04.01,1145.54,1133.79
2020.03.31,1126.4,1114.85
2020.03.30,1133.6,1121.98
2020.03.27,1123.03,1111.52
2020.03.26,1116.72,1105.28
2020.03.25,1105.77,1094.44
2020.03.24,1122.68,1111.18
2020.03.23,1150.58,1138.8
2020.03.20,1132.08,1120.49
2020.03.19,1170.07,1158.09
2020.03.18,1171.15,1159.16
2020.03.17,1160.37,1148.5
2020.03.16,1159.53,1147.67
2020.03.13,1146.51,1134.77
2020.03.12,1162.31,1150.4
2020.03.11,1134.87,1123.25
2020.03.10,1136.22,1124.59
2020.03.09,1172.82,1160.81
2020.03.06,1129.28,1117.71
2020.03.05,1107.89,1096.54
2020.03.04,1100.47,1089.18
2020.03.03,1104.58,1093.26
2020.03.02,1107.66,1096.3
2020.02.28,1114.18,1102.75
2020.02.27,1100.77,1089.48
2020.02.26,1100.54,1089.25
2020.02.25,1099.9,1088.62
2020.02.24,1095.09,1083.85
2020.02.21,1083.49,1072.38
2020.02.20,1073.29,1062.28
2020.02.19,1078.53,1067.47
2020.02.18,1084.99,1073.85
2020.02.17,1077.59,1066.53
2020.02.14,1077.12,1066.07
2020.02.13,1078.14,1067.08
2020.02.12,1072.97,1061.96
2020.02.11,1077.95,1066.89
2020.02.10,1081.4,1070.31
2020.02.07,1087.17,1076.01
2020.02.06,1078.28,1067.21
2020.02.05,1080.16,1069.07
2020.02.04,1090.62,1079.43
2020.02.03,1100.92,1089.63
2020.01.31,1096.32,1085.06
2020.01.30,1091.53,1080.33
2020.01.29,1080.66,1069.56
2020.01.28,1083.85,1072.73
2020.01.23,1065.94,1055.0
2020.01.22,1059.33,1048.45
2020.01.21,1060.96,1050.07
2020.01.20,1053.23,1042.42
2020.01.17,1052.73,1041.93
2020.01.16,1055.05,1044.23
2020.01.15,1053.88,1043.07
2020.01.14,1052.66,1041.86
2020.01.13,1052.58,1041.78
2020.01.10,1059.62,1048.74
2020.01.09,1060.04,1049.16
2020.01.08,1076.18,1065.14
2020.01.07,1076.06,1065.02
2020.01.06,1083.28,1072.16
2020.01.03,1080.37,1069.28
2020.01.02,1065.21,1054.28
2019.12.31,1065.09,1054.16
2019.12.30,1059.79,1048.91
2019.12.27,1060.06,1049.19
2019.12.26,1060.65,1049.77
2019.12.24,1063.94,1053.03
2019.12.23,1063.94,1053.03
2019.12.20,1061.53,1050.64
2019.12.19,1064.5,1053.59
2019.12.18,1067.42,1056.48
2019.12.17,1064.98,1054.07
2019.12.16,1071.97,1060.99
2019.12.13,1068.66,1057.72
2019.12.12,1094.39,1083.19
2019.12.11,1099.43,1088.17
2019.12.10,1097.96,1086.71
2019.12.09,1098.1,1086.85
2019.12.06,1095.51,1084.3
2019.12.05,1093.01,1081.82
2019.12.04,1097.97,1086.73
2019.12.03,1093.3,1082.11
2019.12.02,1080.76,1069.69
2019.11.29,1077.18,1066.15
2019.11.28,1077.25,1066.2
2019.11.27,1079.14,1068.07
2019.11.26,1080.52,1069.44
2019.11.25,1080.89,1069.8
2019.11.22,1085.36,1074.23
2019.11.21,1082.26,1071.16
2019.11.20,1079.35,1068.28
2019.11.19,1072.05,1061.05
2019.11.18,1068.82,1057.86
2019.11.15,1074.14,1063.12
2019.11.14,1077.36,1066.31
2019.11.13,1073.67,1062.65
2019.11.12,1065.72,1054.79
2019.11.11,1069.51,1058.53
2019.11.08,1058.48,1047.62
2019.11.07,1059.53,1048.66
2019.11.06,1062.7,1051.8
2019.11.05,1062.11,1051.22
2019.11.04,1069.98,1059.01
2019.11.01,1080.26,1069.18
2019.10.31,1078.9,1067.83
2019.10.30,1071.71,1060.72
2019.10.29,1072.69,1061.69
2019.10.28,1076.67,1065.62
2019.10.25,1081.34,1070.25
2019.10.24,1080.22,1069.14
2019.10.23,1081.45,1070.36
2019.10.22,1080.41,1069.33
2019.10.21,1079.39,1068.32
2019.10.18,1086.83,1075.68
2019.10.17,1084.56,1073.44
2019.10.16,1093.94,1082.71
2019.10.15,1096.13,1084.88
2019.10.14,1096.11,1084.86
2019.10.11,1095.71,1084.48
2019.10.10,1112.09,1100.69
2019.10.08,1120.0,1108.51
2019.10.07,1121.15,1109.66
2019.10.04,1121.89,1110.38
2019.10.02,1121.9,1110.39
2019.10.01,1109.88,1098.5
2019.09.30,1111.06,1099.67
2019.09.27,1110.03,1098.65
2019.09.26,1115.76,1104.32
2019.09.25,1118.36,1106.9
2019.09.24,1109.36,1097.98
2019.09.23,1114.52,1103.09
2019.09.20,1100.82,1089.55
2019.09.19,1106.94,1095.6
2019.09.18,1101.46,1090.17
2019.09.17,1101.4,1090.11
2019.09.16,1098.69,1087.43
2019.09.11,1109.31,1097.94
2019.09.10,1110.23,1098.85
2019.09.09,1114.95,1103.52
2019.09.06,1116.67,1105.22
2019.09.05,1125.23,1113.7
2019.09.04,1136.48,1124.83
2019.09.03,1146.47,1134.71
2019.09.02,1139.62,1127.94
2019.08.30,1136.8,1125.14
2019.08.29,1141.92,1130.2
2019.08.28,1148.46,1136.68
2019.08.27,1147.29,1135.52
2019.08.26,1147.81,1136.04
2019.08.23,1135.65,1124.0
2019.08.22,1137.59,1125.92
2019.08.21,1130.63,1119.03
2019.08.20,1137.19,1125.52
2019.08.19,1135.93,1124.28
2019.08.16,1138.53,1126.86
2019.08.14,1144.77,1133.03
2019.08.13,1163.27,1151.34
2019.08.12,1159.46,1147.57
2019.08.09,1146.15,1134.39
2019.08.08,1139.54,1127.86
2019.08.07,1143.89,1132.15
2019.08.06,1143.56,1131.83
2019.08.05,1146.47,1134.71
2019.08.02,1123.49,1111.96
2019.08.01,1090.28,1079.09
2019.07.31,1089.62,1078.45
2019.07.30,1087.53,1076.37
2019.07.29,1090.25,1079.06
2019.07.26,1090.05,1078.86
2019.07.25,1093.32,1082.1
2019.07.24,1090.75,1079.56
2019.07.23,1090.51,1079.32
2019.07.22,1091.54,1080.34
2019.07.19,1092.42,1081.21
2019.07.18,1092.47,1081.26
2019.07.17,1090.84,1079.65
2019.07.16,1091.91,1080.71
2019.07.15,1093.5,1082.29
2019.07.12,1088.29,1077.13
2019.07.11,1085.48,1074.35
2019.07.10,1084.69,1073.57
2019.07.09,1087.47,1076.32
2019.07.08,1087.67,1076.52
2019.07.05,1084.07,1072.95
2019.07.04,1084.57,1073.45
2019.07.03,1087.27,1076.11
2019.07.02,1078.57,1067.51
2019.07.01,1074.22,1063.2
2019.06.28,1073.14,1062.14
2019.06.27,1072.47,1061.47
2019.06.26,1074.07,1063.06
2019.06.25,1080.93,1069.85
2019.06.24,1078.5,1067.45
2019.06.21,1081.77,1070.68
2019.06.20,1077.51,1066.47
2019.06.19,1085.13,1074.0
2019.06.18,1094.95,1083.72
2019.06.17,1092.41,1081.21
2019.06.14,1095.5,1084.27
2019.06.13,1090.47,1079.29
2019.06.12,1091.68,1080.49
2019.06.11,1086.94,1075.79
2019.06.10,1092.89,1081.68
2019.06.07,1092.17,1080.97
2019.06.05,1087.82,1076.66
2019.06.04,1096.19,1084.95
2019.06.03,1091.82,1080.63
2019.05.31,1095.58,1084.35
2019.05.30,1085.95,1074.81
2019.05.29,1091.91,1080.71
2019.05.28,1087.34,1076.19
2019.05.27,1082.99,1071.88
2019.05.24,1083.1,1071.99
2019.05.23,1082.64,1071.54
2019.05.22,1077.17,1066.12
2019.05.21,1083.46,1072.35
2019.05.20,1086.76,1075.61
2019.05.17,1090.44,1079.25
2019.05.16,1085.42,1074.29
2019.05.15,1088.61,1077.45
2019.05.14,1082.65,1071.55
2019.05.13,1082.79,1071.68
2019.05.10,1073.1,1062.09
2019.05.09,1075.93,1064.89
2019.05.08,1065.86,1054.93
2019.05.07,1057.01,1046.17
2019.05.03,1049.37,1038.61
2019.05.02,1044.16,1033.45
2019.04.30,1048.38,1037.63
2019.04.29,1038.62,1027.97
2019.04.26,1038.88,1028.22
2019.04.25,1039.92,1029.25
2019.04.24,1028.92,1018.36
2019.04.23,1021.32,1010.85
2019.04.22,1019.88,1009.42
2019.04.19,1015.46,1005.04
2019.04.18,1016.75,1006.32
2019.04.17,1011.83,1001.45
2019.04.16,1015.46,1005.04
2019.04.15,1012.51,1002.12
2019.04.12,1015.63,1005.21
2019.04.11,1026.41,1015.88
2019.04.10,1023.6,1013.1
2019.04.09,1024.85,1014.34
2019.04.08,1027.32,1016.78
2019.04.05,1018.57,1008.12
2019.04.04,1020.69,1010.22
2019.04.03,1017.63,1007.19
2019.04.02,1020.88,1010.41
2019.04.01,1022.75,1012.26
2019.03.29,1026.4,1015.87
2019.03.28,1031.14,1020.56
2019.03.27,1030.4,1019.83
2019.03.26,1027.41,1016.87
2019.03.25,1029.04,1018.48
2019.03.22,1026.66,1016.13
2019.03.21,1020.75,1010.28
2019.03.20,1013.86,1003.46
2019.03.19,1016.59,1006.16
2019.03.18,1016.77,1006.35
2019.03.15,1017.05,1006.62
2019.03.14,1017.88,1007.44
2019.03.13,1017.2,1006.77
2019.03.12,1015.76,1005.34
2019.03.11,1019.73,1009.27
2019.03.08,1022.76,1012.27
2019.03.07,1011.6,1001.22
2019.03.06,1009.16,998.81
2019.03.05,1006.21,995.88
2019.03.04,1006.74,996.41
2019.02.28,1014.62,1004.21
2019.02.27,1012.35,1001.96
2019.02.26,1008.93,998.58
2019.02.25,1011.47,1001.09
2019.02.22,1014.84,1004.43
2019.02.21,1017.12,1006.69
2019.02.20,1014.49,1004.08
2019.02.19,1018.64,1008.19
2019.02.18,1018.59,1008.14
2019.02.15,1022.03,1011.55
2019.02.14,1014.9,1004.49
2019.02.13,1014.13,1003.73
2019.02.12,1019.15,1008.7
2019.02.11,1021.23,1010.76
2019.02.08,1024.05,1013.55
2019.02.07,1026.95,1016.41
2019.02.01,1027.45,1016.91
2019.01.31,1024.34,1013.83
2019.01.30,1022.07,1011.58
2019.01.29,1022.24,1011.76
2019.01.28,1022.06,1011.58
2019.01.25,1020.25,1009.79
2019.01.24,1029.47,1018.92
2019.01.23,1029.18,1018.62
2019.01.22,1034.5,1023.89
2019.01.21,1031.15,1020.57
2019.01.18,1026.24,1015.72
2019.01.17,1033.71,1023.1
2019.01.16,1031.57,1020.99
2019.01.15,1036.37,1025.75
2019.01.14,1039.27,1028.61
2019.01.11,1030.14,1019.58
2019.01.10,1035.1,1024.48
2019.01.09,1029.98,1019.41
2019.01.08,1035.74,1025.11
2019.01.07,1034.21,1023.6
2019.01.04,1040.79,1030.12
2019.01.03,1047.23,1036.48
2019.01.02,1028.5,1017.96
2018.12.31,1015.7,1005.28
2018.12.28,1012.37,1001.98
2018.12.27,1012.5,1002.12
2018.12.26,1017.3,1006.88
2018.12.24,1014.64,1004.24
2018.12.21,1010.92,1000.57
2018.12.20,1004.61,994.33
2018.12.19,1002.8,992.53
2018.12.18,1005.03,994.74
2018.12.17,998.98,988.74
2018.12.14,998.99,988.76
2018.12.13,991.32,981.17
2018.12.12,995.55,985.36
2018.12.11,998.98,988.75
2018.12.10,1000.67,990.43
2018.12.07,994.82,984.64
2018.12.06,994.19,984.01
2018.12.05,985.57,975.48
2018.12.04,981.07,971.02
2018.12.03,979.88,969.84
2018.11.30,988.29,978.16
2018.11.29,989.19,979.04
2018.11.28,991.61,981.44
2018.11.27,994.59,984.39
2018.11.26,997.31,987.08
2018.11.23,1003.72,993.43
2018.11.22,1000.75,990.49
2018.11.21,999.25,989.0
2018.11.20,1004.5,994.2
2018.11.19,999.34,989.09
2018.11.16,1000.04,989.78
2018.11.15,997.22,986.99
2018.11.14,994.91,984.7
2018.11.13,995.22,985.01
2018.11.12,998.99,988.74
2018.11.09,991.44,981.27
2018.11.08,982.28,972.21
2018.11.07,990.37,980.21
2018.11.06,993.59,983.4
2018.11.05,992.98,982.79
2018.11.02,989.51,979.36
2018.11.01,1004.21,993.9
2018.10.31,1008.18,997.83
2018.10.30,1008.94,998.59
2018.10.29,1016.6,1006.17
2018.10.26,1018.86,1008.41
2018.10.25,1013.04,1002.65
2018.10.24,1006.52,996.2
2018.10.23,1014.09,1003.69
2018.10.22,1004.21,993.91
2018.10.19,1007.16,996.82
2018.10.18,1009.38,999.02
2018.10.17,1003.96,993.67
2018.10.16,1002.54,992.26
2018.10.15,1013.14,1002.75
2018.10.12,1008.99,998.64
2018.10.11,1017.33,1006.9
2018.10.10,1003.8,993.5
2018.10.08,1004.37,994.06
2018.10.05,993.63,983.44
2018.10.04,990.31,980.15
2018.10.02,984.18,974.08
2018.10.01,975.68,965.66
2018.09.28,979.89,969.83
2018.09.27,984.38,974.28
2018.09.21,990.82,980.65
2018.09.20,997.86,987.63
2018.09.19,999.24,988.99
2018.09.18,1002.18,991.89
2018.09.17,1005.49,995.17
2018.09.14,999.29,989.03
2018.09.13,1007.22,996.88
2018.09.12,1014.25,1003.84
2018.09.11,1013.43,1003.02
2018.09.10,1016.52,1006.08
2018.09.07,1012.29,1001.9
2018.09.06,1009.04,998.69
2018.09.05,1007.76,997.42
2018.09.04,1004.45,994.14
2018.09.03,1001.48,991.2
2018.08.31,1008.8,998.45
2018.08.30,997.13,986.89
2018.08.29,1001.21,990.93
2018.08.28,996.98,986.74
2018.08.27,1003.42,993.12
2018.08.24,1003.64,993.34
2018.08.23,1012.54,1002.14
2018.08.22,1014.74,1004.32
2018.08.21,1013.91,1003.5
2018.08.20,1015.98,1005.55
2018.08.17,1019.02,1008.56
2018.08.16,1020.47,1009.99
2018.08.14,1018.94,1008.48
2018.08.13,1024.88,1014.36
2018.08.10,1016.97,1006.53
2018.08.09,1007.7,997.36
2018.08.08,1008.77,998.42
2018.08.07,1009.64,999.27
2018.08.06,1010.0,999.63
2018.08.03,1011.26,1000.87
2018.08.02,1013.78,1003.37
2018.08.01,1000.58,990.31
2018.07.31,1003.68,993.38
2018.07.30,1006.44,996.1
2018.07.27,1007.62,997.28
2018.07.26,1010.96,1000.58
2018.07.25,1012.83,1002.43
2018.07.24,1018.48,1008.02
2018.07.23,1019.95,1009.48
2018.07.20,1014.98,1004.56
2018.07.19,1006.5,996.17
2018.07.18,1005.19,994.86
2018.07.17,1001.47,991.19
2018.07.16,1004.85,994.54
2018.07.13,1006.93,996.6
2018.07.12,1001.02,990.75
2018.07.11,1009.49,999.12
2018.07.10,1004.59,994.28
2018.07.09,1007.29,996.95
2018.07.06,1010.59,1000.21
2018.07.05,1011.85,1001.46
2018.07.04,1011.04,1000.67
2018.07.03,1007.18,996.84
2018.07.02,1012.05,1001.66
2018.06.29,1007.46,997.11
2018.06.28,1020.47,1009.99
2018.06.27,1016.2,1005.77
2018.06.26,1019.28,1008.82
2018.06.25,1017.61,1007.17
2018.06.22,1010.67,1000.3
2018.06.21,1009.07,998.72
2018.06.20,1005.59,995.27
2018.06.19,1016.12,1005.69
2018.06.18,999.86,989.6
2018.06.15,994.84,984.63
2018.06.14,982.39,972.31
2018.06.12,977.47,967.44
2018.06.11,978.48,968.44
2018.06.08,983.25,973.16
2018.06.07,972.36,962.38
2018.06.05,976.61,966.58
2018.06.04,977.66,967.62
2018.06.01,980.54,970.47
2018.05.31,991.36,981.18
2018.05.30,992.42,982.23
2018.05.29,991.42,981.24
2018.05.28,983.4,973.3
2018.05.25,986.42,976.29
2018.05.24,985.16,975.04
2018.05.23,984.85,974.73
2018.05.21,975.68,965.65
2018.05.18,974.99,964.97
2018.05.17,976.29,966.26
2018.05.16,981.98,971.89
2018.05.15,976.74,966.71
2018.05.14,976.67,966.63
2018.05.11,976.79,966.75
2018.05.10,980.2,970.13
2018.05.09,983.82,973.71
2018.05.08,989.09,978.93
2018.05.04,989.57,979.41
2018.05.03,984.53,974.42
2018.05.02,980.55,970.48
2018.04.30,978.74,968.68
2018.04.27,981.3,971.22
2018.04.26,987.03,976.89
2018.04.25,991.3,981.12
2018.04.24,988.85,978.69
2018.04.23,995.1,984.87
2018.04.20,994.01,983.79
2018.04.19,989.52,979.36
2018.04.18,994.08,983.87
2018.04.17,998.18,987.92
2018.04.16,1000.05,989.77
2018.04.13,992.57,982.38
2018.04.12,999.77,989.5
2018.04.11,1001.17,990.88
2018.04.10,996.92,986.69
2018.04.09,999.77,989.5
2018.04.06,996.97,986.72
2018.04.05,990.28,980.11
2018.04.04,1002.5,992.2
2018.04.03,993.84,983.64
2018.04.02,992.2,982.01
2018.03.30,1001.18,990.89
2018.03.29,1001.22,990.93
2018.03.28,1006.54,996.2
2018.03.27,1015.75,1005.32
2018.03.26,1026.48,1015.95
2018.03.23,1026.4,1015.87
2018.03.22,1024.81,1014.29
2018.03.21,1009.08,998.72
2018.03.20,1006.06,995.74
2018.03.19,1010.97,1000.59
2018.03.16,1009.88,999.52
2018.03.15,1005.52,995.2
2018.03.14,999.01,988.75
2018.03.13,996.58,986.35
2018.03.12,1001.31,991.03
2018.03.09,1002.57,992.28
2018.03.08,1009.94,999.58
2018.03.07,1013.07,1002.68
2018.03.06,1007.48,997.14
2018.03.05,1023.91,1013.4
2018.03.02,1028.25,1017.7
2018.02.28,1012.01,1001.62
2018.02.27,1001.59,991.3
2018.02.26,1004.54,994.22
2018.02.23,1010.54,1000.16
2018.02.22,1012.14,1001.75
2018.02.21,1000.51,990.23
2018.02.20,1002.33,992.03
2018.02.19,1002.86,992.56
2018.02.14,1006.06,995.73
2018.02.13,1008.55,998.19
2018.02.12,998.67,988.42
2018.02.09,1002.71,992.41
2018.02.08,994.98,984.76
2018.02.07,992.82,982.63
2018.02.06,995.38,985.16
2018.02.05,993.21,983.01
2018.02.02,988.85,978.69
2018.02.01,978.35,968.3
2018.01.31,981.26,971.18
2018.01.30,986.61,976.48
2018.01.29,984.61,974.5
2018.01.26,975.71,965.68
2018.01.25,974.9,964.88
2018.01.24,975.25,965.23
2018.01.23,974.61,964.59
2018.01.22,966.75,956.82
2018.01.19,965.44,955.52
2018.01.18,962.9,953.01
2018.01.17,966.46,956.53
2018.01.16,962.05,952.17
2018.01.15,962.55,952.66
2018.01.12,957.99,948.15
2018.01.11,959.48,949.62
2018.01.10,960.55,950.68
2018.01.09,950.14,940.37
2018.01.08,944.84,935.14
2018.01.05,940.12,930.46
2018.01.04,945.0,935.28
2018.01.03,950.85,941.08
2018.01.02,948.07,938.32
2017.12.29,949.23,939.48
2017.12.28,949.09,939.34
2017.12.27,950.28,940.52
2017.12.26,949.69,939.94
2017.12.22,952.51,942.72
2017.12.21,953.19,943.4
2017.12.20,957.28,947.44
2017.12.19,962.95,953.06
2017.12.18,967.68,957.74
2017.12.15,971.7,961.72
2017.12.14,966.41,956.48
2017.12.13,963.66,953.76
2017.12.12,962.01,952.13
2017.12.11,963.43,953.53
2017.12.08,964.8,954.89
2017.12.07,970.73,960.76
2017.12.06,974.6,964.59
2017.12.05,966.3,956.38
2017.12.04,963.22,953.33
2017.12.01,967.3,957.37
2017.11.30,969.31,959.36
2017.11.29,965.42,955.49
2017.11.28,972.19,962.2
2017.11.27,980.25,970.18
2017.11.24,975.62,965.59
2017.11.23,976.75,966.71
2017.11.22,973.86,963.85
2017.11.21,971.77,961.78
2017.11.20,980.47,970.4
2017.11.17,976.51,966.48
2017.11.16,971.19,961.21
2017.11.15,982.75,972.64
2017.11.14,983.85,973.73
2017.11.13,989.36,979.19
2017.11.10,987.52,977.37
2017.11.09,987.51,977.36
2017.11.08,983.29,973.18
2017.11.07,975.26,965.24
2017.11.06,976.39,966.36
2017.11.03,978.38,968.33
2017.11.02,975.77,965.74
2017.11.01,978.2,968.15
2017.10.31,987.17,977.02
2017.10.30,990.45,980.27
2017.10.27,989.72,979.55
2017.10.26,990.1,979.92
2017.10.25,988.12,977.96
2017.10.24,992.32,982.12
2017.10.23,994.07,983.85
2017.10.20,999.69,989.42
2017.10.19,1007.16,996.8
2017.10.18,1003.32,993.0
2017.10.17,1007.97,997.61
2017.10.16,1009.75,999.37
2017.10.13,1008.09,997.74
2017.10.12,1008.67,998.31
2017.10.11,1011.27,1000.87
2017.10.10,1009.47,999.1
2017.09.29,1021.15,1010.66
2017.09.28,1018.5,1008.04
2017.09.27,1011.36,1000.97
2017.09.26,1016.28,1005.85
2017.09.25,1010.83,1000.45
2017.09.22,1012.18,1001.79
2017.09.21,1008.94,998.58
2017.09.20,1014.87,1004.45
2017.09.19,1015.48,1005.04
2017.09.18,1012.83,1002.43
2017.09.15,1022.85,1012.34
2017.09.14,1027.64,1017.08
2017.09.13,1024.93,1014.4
2017.09.12,1028.44,1017.88
2017.09.11,1043.63,1032.91
2017.09.08,1049.99,1039.21
2017.09.07,1038.4,1027.73
2017.09.06,1041.75,1031.05
2017.09.05,1035.86,1025.22
2017.09.04,1031.21,1020.62
2017.09.01,1018.31,1007.86
2017.08.31,1020.05,1009.57
2017.08.30,1022.39,1011.89
2017.08.29,1036.5,1025.85
2017.08.28,1025.38,1014.85
2017.08.25,1027.11,1016.56
2017.08.24,1030.7,1020.11
2017.08.23,1037.44,1026.78
2017.08.22,1037.73,1027.07
2017.08.21,1046.04,1035.29
2017.08.18,1048.55,1037.78
2017.08.17,1033.47,1022.86
2017.08.16,1028.79,1018.22
2017.08.14,1041.37,1030.67
2017.08.11,1048.18,1037.41
2017.08.10,1040.78,1030.09
2017.08.09,1038.88,1028.2
2017.08.08,1020.61,1010.12
2017.08.07,1019.63,1009.15
2017.08.04,1017.03,1006.58
2017.08.03,1022.89,1012.38
2017.08.02,1014.07,1003.65
2017.08.01,1016.11,1005.67
2017.07.31,1013.71,1003.29
2017.07.28,1010.48,1000.1
2017.07.27,1001.39,991.1
2017.07.26,1001.97,991.68
2017.07.25,1002.38,992.08
2017.07.24,1006.54,996.19
2017.07.21,1004.98,994.66
2017.07.20,1002.63,992.33
2017.07.19,1004.52,994.2
2017.07.18,1002.81,992.51
2017.07.17,1002.89,992.59
2017.07.14,1008.72,998.35
2017.07.13,1004.37,994.05
2017.07.12,1011.82,1001.42
2017.07.11,1007.35,997.0
2017.07.10,1007.97,997.61
2017.07.07,1013.47,1003.05
2017.07.06,1022.8,1012.28
2017.07.05,1016.33,1005.88
2017.07.04,1016.78,1006.33
2017.07.03,1017.35,1006.89
2017.06.30,1022.37,1011.86
2017.06.29,1013.7,1003.28
2017.06.28,1020.56,1010.07
2017.06.27,1016.65,1006.2
2017.06.26,1017.54,1007.08
2017.06.23,1023.42,1012.91
2017.06.22,1028.62,1018.04
2017.06.21,1026.01,1015.47
2017.06.20,1022.65,1012.14
2017.06.19,1023.21,1012.7
2017.06.16,1019.83,1009.35
2017.06.15,1029.31,1018.74
2017.06.14,1026.17,1015.63
2017.06.13,1024.93,1014.4
2017.06.12,1030.36,1019.78
2017.06.09,1016.81,1006.36
2017.06.08,1020.96,1010.47
2017.06.07,1028.21,1017.64
2017.06.05,1012.25,1001.84
2017.06.02,1014.13,1003.71
2017.06.01,1007.86,997.51
2017.05.31,1008.98,998.61
2017.05.30,1013.92,1003.5
2017.05.29,1008.08,997.72
2017.05.26,1006.75,996.4
2017.05.25,1002.33,992.02
2017.05.24,1004.34,994.01
2017.05.23,1010.52,1000.13
2017.05.22,1003.99,993.67
2017.05.19,1009.48,999.1
2017.05.18,1024.34,1013.81
2017.05.17,996.58,986.34
2017.05.16,983.13,973.03
2017.05.15,989.03,978.86
2017.05.12,993.84,983.63
2017.05.11,991.23,981.04
2017.05.10,997.23,986.98
2017.05.08,1006.44,996.09
2017.05.04,1007.0,996.65
2017.05.02,1007.71,997.35
2017.04.28,1022.27,1011.76
2017.04.27,1018.64,1008.17
2017.04.26,1015.3,1004.87
2017.04.25,1021.6,1011.1
2017.04.24,1025.75,1015.2
2017.04.21,1041.2,1030.5
2017.04.20,1044.08,1033.34
2017.04.19,1047.0,1036.23
2017.04.18,1050.5,1039.7
2017.04.17,1048.36,1037.58
2017.04.14,1051.23,1040.42
2017.04.13,1035.75,1025.1
2017.04.12,1040.76,1030.06
2017.04.11,1036.75,1026.09
2017.04.10,1026.95,1016.39
2017.04.07,1027.64,1017.07
2017.04.06,1019.93,1009.44
2017.04.05,1014.44,1004.0
2017.04.04,1018.52,1008.04
2017.04.03,1004.22,993.89
2017.03.31,999.64,989.36
2017.03.30,1004.18,993.85
2017.03.29,1005.01,994.68
2017.03.28,1009.02,998.65
2017.03.27,1006.31,995.96
2017.03.24,1010.58,1000.18
2017.03.23,1011.77,1001.38
2017.03.22,1006.33,995.99
2017.03.21,994.54,984.33
2017.03.20,990.74,980.57
2017.03.17,999.51,989.25
2017.03.16,997.4,987.16
2017.03.15,999.87,989.61
2017.03.14,1001.61,991.32
2017.03.13,1000.48,990.21
2017.03.10,1001.6,991.32
2017.03.09,1012.04,1001.65
2017.03.08,1009.33,998.96
2017.03.07,1008.91,998.55
2017.03.06,1014.85,1004.43
2017.03.03,1011.23,1000.84
2017.03.02,1000.92,990.64
2017.02.28,1007.18,996.83
2017.02.27,1010.47,1000.08
2017.02.24,1007.89,997.53
2017.02.23,1006.87,996.52
2017.02.22,1012.03,1001.63
2017.02.21,1008.93,998.56
2017.02.20,1014.27,1003.85
2017.02.17,1019.77,1009.28
2017.02.16,1004.76,994.43
2017.02.15,996.72,986.47
2017.02.14,1003.31,993.0
2017.02.13,1011.7,1001.3
2017.02.10,1013.08,1002.67
2017.02.09,1019.29,1008.81
2017.02.08,1022.16,1011.65
2017.02.07,1020.49,1009.99
2017.02.06,1012.55,1002.14
2017.02.03,1015.3,1004.86
2017.02.02,1017.44,1006.97
2017.02.01,1021.88,1011.37
2017.01.31,1025.96,1015.41
2017.01.26,1019.88,1009.39
2017.01.25,1029.17,1018.59
2017.01.24,1028.93,1018.35
2017.01.23,1030.82,1020.22
2017.01.20,1020.52,1010.03
2017.01.19,1027.34,1016.79
2017.01.18,1031.93,1021.32
2017.01.17,1034.12,1023.49
2017.01.16,1037.28,1026.62
2017.01.13,1027.31,1016.76
2017.01.12,1034.24,1023.62
2017.01.11,1031.89,1021.29
2017.01.10,1033.27,1022.66
2017.01.09,1032.09,1021.49
2017.01.06,1026.29,1015.75
2017.01.05,1021.24,1010.75
2017.01.04,1023.57,1013.06
2017.01.03,1021.45,1010.96
2017.01.02,1030.97,1020.39
2016.12.30,1029.87,1019.28
2016.12.29,1037.38,1026.72
2016.12.28,1030.38,1019.8
2016.12.27,1028.11,1017.55
2016.12.26,1026.53,1015.99
2016.12.23,1027.19,1016.64
2016.12.22,1023.49,1012.97
2016.12.21,1019.49,1009.02
2016.12.20,1012.32,1001.92
2016.12.19,1014.29,1003.87
2016.12.16,1004.27,993.97
2016.12.15,1002.2,991.92
2016.12.14,1016.58,1006.15
2016.12.13,1012.1,1001.73
2016.12.12,1009.58,999.22
2016.12.09,1018.72,1008.27
2016.12.08,1019.66,1009.2
2016.12.07,1020.4,1009.94
2016.12.06,1028.09,1017.54
2016.12.05,1027.99,1017.45
2016.12.02,1028.99,1018.43
2016.12.01,1023.48,1012.98
2016.11.30,1034.71,1024.09
2016.11.29,1039.28,1028.61
2016.11.28,1042.71,1032.01
2016.11.25,1041.8,1031.11
2016.11.24,1043.7,1032.99
2016.11.23,1057.53,1046.67
2016.11.22,1060.1,1049.22
2016.11.21,1065.86,1054.91
2016.11.18,1069.22,1058.24
2016.11.17,1076.23,1065.18
2016.11.16,1071.31,1060.31
2016.11.15,1079.93,1068.84
2016.11.14,1089.31,1078.13
2016.11.11,1096.39,1085.13
2016.11.10,1085.66,1074.52
2016.11.09,1114.92,1103.47
2016.11.08,1085.49,1074.34
2016.11.07,1094.79,1083.55
2016.11.04,1112.19,1100.77
2016.11.03,1107.72,1096.34
2016.11.02,1107.29,1095.91
2016.11.01,1088.45,1077.27
2016.10.31,1090.22,1079.02
2016.10.28,1088.41,1077.22
2016.10.27,1092.55,1081.32
2016.10.26,1088.37,1077.18
2016.10.25,1084.33,1073.18
2016.10.24,1090.1,1078.89
2016.10.21,1099.97,1088.67
2016.10.20,1086.87,1075.7
2016.10.19,1085.18,1074.02
2016.10.18,1084.12,1072.98
2016.10.17,1095.06,1083.8
2016.10.14,1086.98,1075.81
2016.10.13,1095.57,1084.31
2016.10.12,1085.08,1073.93
2016.10.11,1083.01,1071.88
2016.10.10,1074.69,1063.65
2016.10.07,1080.13,1069.03
2016.10.06,1075.71,1064.65
2016.10.05,1082.45,1071.33
2016.10.04,1082.98,1071.85
2016.09.30,1091.61,1080.41
2016.09.29,1082.16,1071.05
2016.09.28,1092.06,1080.85
2016.09.27,1096.0,1084.75
2016.09.26,1103.59,1092.26
2016.09.23,1094.52,1083.29
2016.09.22,1094.11,1082.88
2016.09.21,1108.3,1096.92
2016.09.20,1099.0,1087.72
2016.09.19,1101.77,1090.47
2016.09.13,1100.14,1088.84
2016.09.12,1096.66,1085.4
2016.09.09,1074.15,1063.13
2016.09.08,1073.13,1062.11
2016.09.07,1074.65,1063.61
2016.09.06,1070.75,1059.76
2016.09.05,1070.27,1059.29
2016.09.02,1077.09,1066.03
2016.09.01,1081.04,1069.94
2016.08.31,1081.08,1069.98
2016.08.30,1090.41,1079.21
2016.08.29,1097.81,1086.54
2016.08.26,1111.74,1100.32
2016.08.25,1110.56,1099.15
2016.08.24,1118.75,1107.26
2016.08.23,1116.89,1105.42
2016.08.22,1118.64,1107.15
2016.08.19,1116.93,1105.46
2016.08.18,1106.24,1094.87
2016.08.17,1104.54,1093.19
2016.08.16,1092.9,1081.67
2016.08.12,1092.37,1081.15
2016.08.11,1086.28,1075.12
2016.08.10,1082.95,1071.82
2016.08.09,1082.71,1071.59
2016.08.08,1081.94,1070.83
2016.08.05,1095.44,1084.19
2016.08.04,1100.44,1089.14
2016.08.03,1105.67,1094.31
2016.08.02,1092.21,1080.99
2016.08.01,1082.77,1071.64
2016.07.29,1085.76,1074.61
2016.07.28,1077.42,1066.36
2016.07.27,1074.08,1063.05
2016.07.26,1090.46,1079.27
2016.07.25,1073.09,1062.07
2016.07.22,1072.78,1061.77
2016.07.21,1073.38,1062.37
2016.07.20,1071.55,1060.54
2016.07.19,1073.32,1062.31
2016.07.18,1077.88,1066.82
2016.07.15,1070.7,1059.71
2016.07.14,1073.17,1062.15
2016.07.13,1095.82,1084.57
2016.07.12,1104.54,1093.2
2016.07.11,1121.71,1110.19
2016.07.08,1151.42,1139.59
2016.07.07,1142.36,1130.63
2016.07.06,1155.45,1143.58
2016.07.05,1138.56,1126.87
2016.07.04,1118.65,1107.16
2016.07.01,1118.64,1107.15
2016.06.30,1120.63,1109.12
2016.06.29,1127.67,1116.09
2016.06.28,1141.34,1129.62
2016.06.27,1165.15,1153.19
2016.06.24,1146.68,1134.91
2016.06.23,1083.2,1072.08
2016.06.22,1101.6,1090.29
2016.06.21,1104.14,1092.8
2016.06.20,1108.83,1097.45
2016.06.17,1125.33,1113.79
2016.06.16,1130.84,1119.23
2016.06.15,1105.09,1093.75
2016.06.14,1112.95,1101.53
2016.06.13,1108.44,1097.07
2016.06.10,1091.5,1080.3
2016.06.09,1087.66,1076.5
2016.06.08,1077.51,1066.45
2016.06.07,1073.42,1062.4
2016.06.03,1089.47,1078.29
2016.06.02,1089.25,1078.07
2016.06.01,1085.57,1074.42
2016.05.31,1072.88,1061.86
2016.05.30,1071.49,1060.48
2016.05.27,1075.56,1064.51
2016.05.26,1075.2,1064.16
2016.05.25,1073.11,1062.09
2016.05.24,1088.84,1077.65
2016.05.23,1080.95,1069.84
2016.05.20,1080.24,1069.14
2016.05.19,1082.39,1071.27
2016.05.18,1082.33,1071.21
2016.05.17,1072.24,1061.23
2016.05.16,1082.46,1071.35
2016.05.13,1077.84,1066.77
2016.05.12,1071.72,1060.71
2016.05.11,1076.36,1065.31
2016.05.10,1073.82,1062.79
2016.05.09,1083.91,1072.77
2016.05.04,1081.22,1070.12
2016.05.03,1079.12,1068.04
2016.05.02,1069.72,1058.73
2016.04.29,1065.49,1054.54
2016.04.28,1053.29,1042.47
2016.04.27,1033.74,1023.12
2016.04.26,1036.61,1025.97
2016.04.25,1032.37,1021.77
2016.04.22,1036.06,1025.42
2016.04.21,1034.64,1024.02
2016.04.20,1039.18,1028.51
2016.04.19,1038.48,1027.82
2016.04.18,1058.85,1047.98
2016.04.15,1049.74,1038.96
2016.04.14,1058.2,1047.33
2016.04.12,1056.94,1046.09
2016.04.11,1060.56,1049.67
2016.04.08,1059.33,1048.45
2016.04.07,1064.08,1053.16
2016.04.06,1051.01,1040.22
2016.04.05,1050.06,1039.27
2016.04.04,1030.74,1020.16
2016.04.01,1024.82,1014.3
2016.03.31,1015.67,1005.24
2016.03.30,1022.46,1011.96
2016.03.29,1024.98,1014.46
2016.03.28,1027.67,1017.12
2016.03.25,1035.4,1024.77
2016.03.24,1034.12,1023.5
2016.03.23,1032.9,1022.29
2016.03.22,1038.81,1028.14
2016.03.21,1041.39,1030.7
2016.03.18,1044.66,1033.93
2016.03.17,1047.54,1036.79
2016.03.16,1050.16,1039.37
2016.03.15,1052.63,1041.82
2016.03.14,1045.43,1034.69
2016.03.11,1049.95,1039.17
2016.03.10,1058.71,1047.83
2016.03.09,1079.62,1068.52
2016.03.08,1070.23,1059.24
2016.03.07,1061.58,1050.67
2016.03.04,1061.1,1050.2
2016.03.03,1067.45,1056.48
2016.03.02,1073.15,1062.13
2016.02.29,1095.7,1084.45
2016.02.26,1096.09,1084.83
2016.02.25,1107.24,1095.86
2016.02.24,1100.86,1089.55
2016.02.23,1098.58,1087.29
2016.02.22,1091.47,1080.26
2016.02.19,1090.47,1079.27
2016.02.18,1081.83,1070.71
2016.02.17,1077.73,1066.65
2016.02.16,1062.06,1051.14
2016.02.15,1061.2,1050.3
2016.02.12,1072.82,1061.79
2016.02.11,1077.9,1066.81
2016.02.05,1024.29,1013.76
2016.02.04,1018.18,1007.71
2016.02.03,1014.25,1003.82
2016.02.02,1001.91,991.61
2016.02.01,991.67,981.47
2016.01.29,997.6,987.33
2016.01.28,1015.15,1004.7
2016.01.27,1017.51,1007.03
2016.01.26,1020.67,1010.16
2016.01.25,1012.34,1001.91
2016.01.22,1013.95,1003.51
2016.01.21,1038.33,1027.64
2016.01.20,1048.07,1037.28
2016.01.19,1024.28,1013.74
2016.01.18,1032.91,1022.27
2016.01.15,1033.87,1023.22
2016.01.14,1031.44,1020.82
2016.01.13,1017.75,1007.27
2016.01.12,1032.27,1021.64
2016.01.11,1023.67,1013.13
2016.01.08,1012.75,1002.32
2016.01.07,1020.58,1010.07
2016.01.06,1012.15,1001.73
2016.01.05,997.48,987.21
2016.01.04,999.41,989.12
2015.12.31,978.07,968.0
2015.12.30,974.09,964.06
2015.12.29,970.68,960.68
2015.12.28,966.99,957.04
2015.12.24,972.58,962.56
2015.12.23,972.31,962.3
2015.12.22,967.13,957.18
2015.12.21,969.61,959.63
2015.12.18,977.06,967.0
2015.12.17,964.54,954.61
2015.12.16,965.7,955.76
2015.12.15,976.36,966.32
2015.12.14,978.05,967.98
2015.12.11,969.08,959.11
2015.12.10,969.78,959.8
2015.12.09,962.62,952.71
2015.12.08,957.16,947.3
2015.12.07,946.44,936.7
2015.12.04,945.44,935.71
2015.12.03,942.99,933.28
2015.12.02,944.86,935.14
2015.12.01,942.08,932.38
2015.11.30,941.69,932.0
2015.11.27,944.52,934.8
2015.11.26,938.21,928.55
2015.11.25,934.72,925.09
2015.11.24,941.95,932.25
2015.11.23,941.92,932.22
2015.11.20,941.32,931.63
2015.11.19,944.73,935.01
2015.11.18,949.79,940.02
2015.11.17,950.78,941.0
2015.11.16,954.72,944.89
2015.11.13,949.98,940.21
2015.11.12,942.91,933.2
2015.11.11,938.85,929.18
2015.11.10,939.96,930.28
2015.11.09,939.07,929.4
2015.11.06,937.06,927.41
2015.11.05,935.65,926.02
